Car_ID,Company_Name ,Model_Name,Colour,Make_Year,Price
WA1LMAFE1DD477751,Mercedes-Benz,GLK-Class,Puce,2010,$24225.84
5N1BA0ND1FN159053,Mitsubishi,Montero Sport,Orange,1999,$36861.79
WA1CM74L79D424676,Volkswagen,rio,Red,2000,$41914.36
1GYUCJEF6AR695197,Honda,Prelude,Aquamarine,1984,$32807.55
WAUFMAFC5EN503486,Lamborghini,Countach,Puce,1990,$30137.15
5GAKRCKD7EJ018031,Toyota,Tacoma,Green,2005,$44357.78
WBAEB535X8C294907,Subaru,Tribeca,Red,2009,$27938.18
2G4GT5GR4C9600551,GMC,Envoy,Orange,2004,$29032.59
2C3CCAAG6CH185732,Cadillac,Seville,Turquoise,1999,$26278.01
WBAGN83555D995748,Ford,Taurus,Mauv,1998,$27179.37
JTMHY7AJ7F4688852,Toyota,Avalon,Blue,1998,$32725.85
1GKS1HE01ER759163,Hummer,H2,Pink,2007,$34139.39
WBAHL035X6D241564,Maserati,Karif,Purple,1989,$26389.68
5NPEB4AC0BH585720,GMC,Sierra 1500,Maroon,2004,$22500.32
WAUXU54B52N125462,Mitsubishi,Chariot,Teal,1989,$45007.35
KMHHT6KD6BU449977,GMC,Savana 2500,Aquamarine,2000,$40347.36
WBAYA8C54FD751056,GMC,Savana,Aquamarine,2010,$37884.05
WBA3X5C52ED328790,Lincoln,Mark VII,Crimson,1992,$37388.60
JH4CW2H6XDC866730,Mercedes-Benz,W126,Crimson,1981,$44104.98
2C4RDGBG9FR236787,GMC,Yukon XL 2500,Violet,2004,$37246.32
1G4GD5GG4AF797222,Pontiac,G6,Blue,2005,$26797.19
WVGAV3AX7DW142444,Audi,TT,Goldenrod,2006,$38238.90
3VW4S7AT8EM578362,Chevrolet,Camaro,Purple,1980,$47610.56
5GADV33L56D423444,Lexus,IS,Aquamarine,2004,$40913.41
YV4952BZ7E1720989,Suzuki,Aerio,Pink,2003,$26726.82
1FTEW1CM7BK459488,Subaru,Legacy,Green,1992,$23711.34
JTHBE5C21A2958430,Infiniti,EX,Pink,2011,$34594.20
1N4AB7AP3EN066500,Infiniti,I,Turquoise,2001,$21653.73
5UXZV4C54DL157119,Hummer,H3,Yellow,2010,$34472.49
1FTWX3A53AE222700,Audi,A6,Blue,2002,$39867.40
WAUAFAFH9CN047392,Volvo,XC90,Turquoise,2013,$32426.67
JA32U2FU3EU467558,Saturn,VUE,Yellow,2002,$28620.90
5N1AA0NE1FN943916,Porsche,Panamera,Mauv,2012,$38445.56
2B3CA8CT3AH195086,Nissan,Sentra,Fuscia,2010,$30415.66
19XFB4F25EE286138,Mazda,Mazda5,Puce,2010,$27149.38
3VW467AT9DM218133,Daewoo,Leganza,Blue,1999,$22189.73
YV4952CY5C1716099,Buick,LeSabre,Puce,2001,$31987.39
ZFBCFADH4FZ044009,Infiniti,I,Fuscia,1997,$46244.05
SAJWA4FB7DL276611,Audi,V8,Red,1991,$40547.68
JN8AF5MV5FT502407,Mitsubishi,Chariot,Mauv,1994,$36692.00
1VWAH7A33EC703271,Nissan,240SX,Aquamarine,1994,$47321.67
WAUAF48H18K470300,Volkswagen,Routan,Green,2012,$21208.34
SCFAB22301K123516,Kia,Optima,Teal,2012,$23491.10
1G6DS1E3XC0929219,Volvo,C70,Teal,1998,$21944.63
1G6AS5S38F0170749,Toyota,Avalon,Purple,2005,$37389.70
WA1AM74L99D538055,Chevrolet,G-Series 3500,Puce,1997,$41152.24
WBAPH7C57BA040979,GMC,Savana 1500,Maroon,2003,$28964.67
WVGEF9BP9DD794879,Chevrolet,Corvette,Red,2010,$23485.74
JTEBU4BF9BK712371,BMW,525,Goldenrod,2002,$38533.81
1C3CC5FB3AN346742,Pontiac,Grand Am,Red,1998,$31516.57
JN1CV6AP0BM263195,Jeep,Patriot,Violet,2007,$37315.31
2D4RN4DE0AR760364,Mazda,MX-5,Crimson,2005,$37366.57
1C3BCBFG0DN530451,Acura,RL,Teal,2001,$46759.89
WDBWK5JA7BF934017,Isuzu,Trooper,Fuscia,2000,$26469.54
3VWF17AT2FM337068,Acura,MDX,Khaki,2007,$28706.73
1G6DE1E30E0306721,Audi,TT,Maroon,2011,$47497.27
WBA3N7C52EF517364,Toyota,Tacoma,Fuscia,2002,$33833.81
1G6AA5RA5E0930769,Audi,TT,Maroon,2008,$26364.23
WAUEF78E36A466180,Ford,Ranger,Blue,1989,$36781.88
1G6YX36D775914627,Ford,F450,Pink,2008,$36178.29
WAUAF78E15A004522,Pontiac,Firebird,Violet,1967,$22772.31
1D7RE2BK4BS273717,Lexus,IS,Violet,2011,$40495.96
2T1KU4EE0BC368101,Dodge,Dakota,Pink,2009,$31241.90
1C6RD7PT0CS662326,Oldsmobile,88,Goldenrod,1992,$40335.52
WBAKE5C53DJ233026,Audi,A6,Khaki,2007,$24013.58
WAULT64B34N069418,Dodge,Ram Van 1500,Pink,1996,$21497.45
1GD322CG7EF608951,Maserati,Quattroporte,Mauv,1986,$49882.64
1C4RDHDG3EC579945,Chevrolet,Suburban 1500,Violet,1992,$20676.73
WAU3VAFR6CA100805,Dodge,Ram 3500,Fuscia,1999,$47273.81
3D73M4ELXBG393747,Audi,V8,Goldenrod,1991,$32280.16
WBA6B2C5XFD334039,Hyundai,Excel,Purple,1993,$44212.16
5GAKVCKD5DJ008690,Mercury,Sable,Blue,2008,$41649.12
1N6AA0CC5DN668552,Infiniti,J,Goldenrod,1995,$21548.84
3C6JD7EP8CG723917,Land Rover,Range Rover Sport,Purple,2011,$41459.16
1G4GC5GR3DF359428,Mercedes-Benz,E-Class,Orange,1986,$48370.78
1C4RDJDG5DC378554,Ford,Econoline E350,Teal,1996,$29255.46
WP0AA2A92DS149045,Honda,CR-V,Blue,2005,$26164.62
1GKS1EEF1ER621173,Volkswagen,Eurovan,Blue,2001,$44511.14
WBABV13405J485530,Chevrolet,Malibu,Yellow,2003,$43675.83
1G6AF5S33D0137630,Ford,F250,Aquamarine,1994,$27343.27
5TFCW5F15BX651708,Chevrolet,Suburban 2500,Violet,2005,$42054.75
JHMZF1C48CS038156,Chevrolet,Equinox,Teal,2010,$21003.31
5N1AN0NW2DN443371,Lexus,LS,Mauv,2010,$45063.34
WBAKF9C52CE983285,Maybach,62,Red,2011,$41041.66
WDDLJ7DB9DA419310,Saab,9-7X,Puce,2005,$45529.87
WVGFF9BP0BD670937,Volvo,XC60,Pink,2011,$22821.65
1GD21ZCGXCZ145447,Suzuki,Verona,Crimson,2006,$34219.83
1G6DF8E50C0328609,Chevrolet,Malibu,Mauv,1999,$44195.03
JH4CU2E66AC293797,Chrysler,Pacifica,Turquoise,2006,$46531.69
2C4RDGCGXDR034598,Dodge,Ram Van 1500,Blue,1996,$46147.61
WAUAVAFA8AN463744,Acura,NSX,Violet,2001,$49914.82
WAUKD78P47A287349,Ford,Explorer,Crimson,2009,$34709.02
WBASP4C59AC037838,Lincoln,Town Car,Teal,2000,$35678.58
TRUUT28N211399967,Chevrolet,Camaro,Red,1975,$30334.87
JTEBU5JR9F5157525,Saturn,S-Series,Pink,1996,$48512.05
4T1BF1FK5FU070449,Infiniti,G,Aquamarine,1992,$38239.76
WBAHL03516D143040,Porsche,944,Puce,1989,$38648.80
1FTEX1CM3BF892537,Ford,Thunderbird,Pink,1972,$35798.27
WAUKFBFLXAA623414,GMC,Sierra 1500,Turquoise,2007,$41157.06
1G4GL5G32DF796767,Pontiac,Fiero,Crimson,1986,$28423.30
1G6DE8EG4A0041730,Toyota,Tacoma,Indigo,2005,$22665.98
1GYUKJEF6AR954578,Volkswagen,Cabriolet,Puce,1996,$22225.64
1G4HP57M09U524318,Cadillac,Escalade EXT,Aquamarine,2003,$37856.50
3D7JB1EKXBG932595,Chevrolet,Tracker,Goldenrod,2000,$38619.22
WBA3B1C58EP676096,Chevrolet,Corvette,Orange,1988,$34366.81
WBAFR9C55BC590951,Honda,Odyssey,Blue,2000,$44407.58
5N1AR1NB2BC776881,BMW,3 Series,Khaki,1995,$46175.62
WAUXD68D12A460629,Dodge,Ram 1500,Aquamarine,2009,$32442.21
2G4WC582161478120,Mitsubishi,Galant,Blue,1999,$38915.30
WAUAFAFH0DN918438,Scion,xD,Red,2008,$29427.04
WBAYB6C50FD271520,Lincoln,Mark LT,Violet,2008,$46491.91
2FMDK3KC2AB520438,Mercedes-Benz,R-Class,Aquamarine,2008,$38167.86
3C63DPML9CG208464,Hyundai,Sonata,Aquamarine,2000,$20517.52
WDDGF4HB7ER146754,Volkswagen,Scirocco,Blue,1985,$32178.40
5FRYD3H22EB465952,Mitsubishi,Diamante,Violet,2002,$44102.04
WA1VMBFE4CD554626,Mazda,MPV,Crimson,2003,$37137.84
1C6RD7NT0CS703122,Chrysler,300M,Indigo,2001,$40537.17
5XYZT3LB0FG849450,Porsche,Boxster,Teal,2005,$49760.06
YV4612HKXF1641794,Mazda,Mazda6,Fuscia,2011,$32361.04
SCFEBBAC7AG474624,Lexus,IS F,Purple,2008,$33398.57
3VW4T7ATXDM174748,Mazda,Miata MX-5,Khaki,2012,$35805.59
2HNYD18293H243173,Hyundai,Elantra,Aquamarine,1994,$29580.75
1G6DT57V380858973,Buick,Regal,Puce,2001,$39230.12
1G6DK8E33D0019518,Subaru,Impreza WRX,Green,2011,$37125.70
1G6DU6EA5A0553693,Mercedes-Benz,SL-Class,Teal,2008,$43571.94
WAUJGAFD5FN318530,Honda,Pilot,Blue,2004,$22252.55
1VWAS7A36FC798542,Cadillac,Catera,Maroon,1997,$42465.01
4T1BD1FK6FU661475,Ford,F250,Pink,1997,$32715.81
JH4DC53893S374797,Ford,Crown Victoria,Aquamarine,1997,$35806.61
JH4CL95824C685788,Mitsubishi,Chariot,Mauv,1996,$47600.39
1G6AB5RX9D0181572,Mercedes-Benz,SLK-Class,Indigo,2000,$46422.87
WA1LFBFP2DA981955,Honda,Civic,Crimson,1990,$40466.03
WBADX7C57CE192924,Chevrolet,Silverado 1500,Purple,2009,$26309.32
WAUFFBFL5BA643458,Chevrolet,Malibu,Teal,2013,$46602.05
WAUFFAFL9DA434334,Cadillac,Seville,Fuscia,2003,$39016.57
1LNHL9DK3FG629418,Ford,Mustang,Green,1971,$24682.58
WAUCFAFH3CN386495,Nissan,Sentra,Maroon,1992,$35756.67
1GYS4CEF4BR988596,Lexus,ES,Indigo,1991,$34452.44
2HNYD2H35DH891660,Buick,Somerset,Red,1987,$44825.32
1FBNE3BL1BD756630,Volkswagen,Golf III,Orange,1995,$36923.95
1D4PU2GK7BW458434,Mitsubishi,Lancer,Fuscia,2001,$35028.28
JN8AZ2KR0CT186597,Pontiac,Montana,Goldenrod,2006,$41076.08
1HGCR2E35DA172625,Kia,Sportage,Red,1996,$45612.31
1G6AB5RX2F0998594,Ford,Explorer,Teal,1993,$44939.14
1GYS4PKJ7FR813166,Mercedes-Benz,E-Class,Violet,2012,$42790.46
1N6AF0KX5FN050415,Audi,Q7,Violet,2011,$39637.40
WAUKF68E05A294797,Chevrolet,Malibu Maxx,Yellow,2006,$31025.84
4T1BK1EB1FU510566,Buick,Coachbuilder,Green,1994,$33007.06
2G4WD552361656109,BMW,5 Series,Fuscia,2007,$22845.90
WAUVC68E95A794933,Dodge,D250,Indigo,1993,$41331.46
1FBSS3BL7AD817263,Chevrolet,Tahoe,Aquamarine,2006,$38662.56
JN1BV7AP4FM624788,Kia,Sedona,Blue,2006,$26203.73
5TDDCRFH0FS121434,Volvo,S90,Pink,1998,$20857.35
4A31K3DT0AE144461,Hyundai,Tiburon,Purple,2006,$24852.66
WBAYP5C5XED722513,Subaru,Justy,Red,1990,$23270.67
JTHBB1BA0B2445391,Toyota,Previa,Puce,1995,$27505.22
1GD322CG0EF192676,Dodge,Daytona,Yellow,1993,$22334.42
WAUKF78E87A017212,Lexus,LS,Maroon,1996,$27292.17
WP0AB2A81CU300772,Buick,LeSabre,Purple,1987,$36139.28
JTHFF2C21E2425156,Mercedes-Benz,S-Class,Aquamarine,1986,$33323.91
1C3BC6EV2AN119572,Saturn,S-Series,Yellow,1998,$38926.50
JTDZN3EU6FJ842835,Chevrolet,3500,Green,1994,$24417.35
WBSDX9C57BE969785,Toyota,Highlander,Pink,2006,$43949.91
3GYFK66N26G102070,Toyota,MR2,Purple,1995,$27740.40
3D73Y4HL8AG047291,Ford,F250,Red,1996,$37073.32
KNDJT2A51C7259156,Land Rover,Discovery Series II,Fuscia,2000,$30991.59
WAUKH98E86A440490,Ford,Tempo,Pink,1984,$29043.59
WBSBR93451E619482,Chevrolet,Camaro,Green,2001,$30863.07
1G4GF5E36DF558835,Subaru,Outback,Maroon,2006,$46134.23
KNAFT4A21A5942407,Ford,Ranger,Khaki,2007,$46632.82
JTHBE1BL2FA407746,Ford,LTD Crown Victoria,Red,1984,$23581.96
JTDJTUD37ED831938,Hyundai,Accent,Orange,2012,$37198.90
5N1AT2ML0EC490582,Ford,Freestar,Blue,2005,$45976.18
3N1CE2CP9FL529464,Dodge,Ram 2500,Aquamarine,2007,$32853.95
5J8TB1H25CA248148,Land Rover,Range Rover,Goldenrod,2001,$22197.01
JTDKN3DU7A0674625,Dodge,Intrepid,Goldenrod,1995,$42499.61
WAUAF48H57K161279,Dodge,Ram Van 1500,Violet,2001,$47436.01
WVWAA7AH4AV580503,Ford,Bronco II,Blue,1990,$37577.56
1FTFW1E84AF157197,Austin,Mini Cooper,Mauv,1964,$29997.78
WAUSF98K89A658901,Subaru,Forester,Orange,2008,$28247.18
WAUMFAFL4DN041602,Chevrolet,Equinox,Yellow,2012,$39871.84
SCBGH3ZA0FC967626,Porsche,911,Mauv,1997,$45489.01
1GTPCTEXXAZ120138,Lincoln,MKT,Yellow,2011,$23163.86
WUARL48H86K830502,Hyundai,Santa Fe,Teal,2001,$32618.55
WAUEH78E28A737212,Chevrolet,Suburban 2500,Green,2009,$24420.33
WAUSF98E37A190213,Ford,Ranger,Fuscia,2009,$43316.26
1G6DM8EVXA0639855,Mazda,B-Series,Mauv,1993,$20156.80
SCBGT3ZA4FC109526,BMW,X3,Yellow,2012,$33742.66
WBAEH13466C864221,Chevrolet,Express,Crimson,2012,$46553.85
1G6YV36A765036935,Audi,A6,Aquamarine,2005,$24986.32
KL4CJGSB9EB206442,Acura,RL,Teal,2012,$33801.41
1GD22ZCG2DZ846028,Saab,09-May,Aquamarine,2009,$40825.36
1D4PT4GX9BW839292,Mazda,Millenia,Green,1997,$43411.95
2G4GV5EV3B9810549,Pontiac,Vibe,Puce,2005,$28735.32
1FTEW1CW1AF634617,Mitsubishi,Chariot,Puce,1989,$20059.89
JM1NC2LF4F0682138,Honda,del Sol,Goldenrod,1995,$25586.24
SCFHDDAJ3AA443066,Acura,Legend,Orange,1992,$49779.70
WAU4FBFL0BA867955,Land Rover,Range Rover Sport,Crimson,2009,$29613.45
1FMEU6FE4AU435221,Volkswagen,New Beetle,Puce,1999,$37243.76
5GAER13708J182932,Suzuki,Swift,Khaki,2005,$46650.63
19XFB2F50DE806467,Buick,Regal,Indigo,2004,$30353.98
1G4HP52K754436141,Porsche,944,Aquamarine,1983,$45314.06
3GYEK62827G670557,Mitsubishi,Pajero,Blue,2005,$27358.64
3N1CN7AP4EK220506,Chrysler,Concorde,Teal,1994,$34668.48
1N6AA0CA3FN483899,Lotus,Esprit,Red,2004,$30488.88
5GALVCED2AJ415491,Volkswagen,Cabriolet,Red,1997,$34833.54
3N1CE2CP6FL052668,GMC,Sierra 1500,Khaki,2007,$33272.38
1VWAP7A37EC526601,Nissan,Frontier,Maroon,1998,$20067.47
TRURD38J681677947,Volkswagen,Type 2,Teal,1987,$41609.93
WAUVT58E63A865013,Cadillac,Escalade ESV,Goldenrod,2007,$36749.35
1G6DH1E36E0053802,Plymouth,Grand Voyager,Crimson,1999,$21916.85
1G4HP57M79U388088,Dodge,Dakota,Yellow,1992,$29692.22
1GYS3CEF9DR014702,Lexus,IS-F,Maroon,2011,$31238.09
JN1AZ4EH3FM824000,Ford,Taurus,Pink,1986,$38438.34
KNADM5A36F6507919,Mercedes-Benz,300E,Puce,1992,$27193.46
JM3ER2W33A0741292,Nissan,Sentra,Turquoise,2006,$28038.15
1G6KF54973U717699,Toyota,Celica,Yellow,1999,$22761.70
2C3CDZAT0FH454143,Ford,Courier,Orange,1988,$34694.48
JM1NC2LF0C0118644,Saab,9000,Orange,1990,$27791.87
2HNYB1H47CH401470,Subaru,Impreza,Orange,1998,$30547.55
JN8AZ2KR1DT947865,Ford,Econoline E250,Puce,1998,$37440.16
WAUPN94E69N239768,Acura,ZDX,Aquamarine,2012,$49160.36
5GAKVAED4CJ838544,BMW,X5,Khaki,2007,$29842.73
1G6AH1RX0F0778832,Volvo,S60,Khaki,2002,$34755.57
WAUVC68EX3A768452,Toyota,Corolla,Aquamarine,2012,$49930.80
2B3CA4CD1AH547972,Chevrolet,Cruze,Mauv,2013,$29626.10
1HGCR6F30EA447115,GMC,Suburban 2500,Green,1996,$29553.05
WAUVC58EX5A501261,Bentley,Continental Flying Spur,Pink,2008,$32762.75
WBA3C3G52FN421668,Audi,Q7,Yellow,2007,$31488.30
KMHFG4JG3CA092515,Infiniti,G37,Maroon,2009,$23311.00
WDDNG7BB9BA131083,Ford,Focus ST,Indigo,2013,$45547.62
KNADH5A31A6465463,Porsche,928,Violet,1987,$31399.85
WAUR4AFD5DN853995,Chevrolet,Express 2500,Goldenrod,1996,$25195.76
55SWF4JB4FU026495,Ford,Explorer Sport,Purple,2001,$20404.87
3D7TP2CT6BG971969,Land Rover,Freelander,Pink,2003,$26154.50
WAUEH98E78A854683,Audi,riolet,Pink,1994,$24485.84
WBSKG9C57DJ275129,Cadillac,SRX,Puce,2006,$30623.60
1GYUKHEF3AR633333,Austin,Mini Cooper,Mauv,1964,$48206.28
JN1AZ4EH8FM956881,Jaguar,XJ,Puce,2006,$36813.90
3C63D2ELXCG701622,GMC,Yukon Denali,Red,2006,$30131.49
5N1AA0NC2BN526801,Suzuki,Grand Vitara,Fuscia,2010,$46577.32
JH4CU4F45CC358523,Pontiac,Sunbird,Turquoise,1983,$36574.22
JTHBK1EG9C2504701,Pontiac,Gemini,Aquamarine,1988,$20513.25
WA1UFAFL8DA847365,Mitsubishi,Galant,Orange,1984,$42541.83
19UUA66235A043499,Mitsubishi,Galant,Indigo,1998,$30922.01
5UMCN93472L826231,Honda,Odyssey,Puce,1995,$36502.61
5TDBK3EH3DS611968,BMW,7 Series,Maroon,2002,$32666.45
2B3CK5CT8AH190820,GMC,Savana 1500,Mauv,2003,$24542.85
WAUMFAFR0EA396506,Mazda,Mazdaspeed 3,Mauv,2008,$20635.04
1N6BF0KM5FN694734,Ford,Tempo,Teal,1993,$21618.01
WBAFZ9C54CC436765,Ford,Mustang,Green,1967,$42073.43
WP1AA2A26EL234853,Honda,Element,Goldenrod,2011,$25317.57
3VW467ATXDM645935,Chevrolet,Suburban 2500,Pink,2002,$24010.36
2FMHK6DC1AB437907,Lincoln,LS,Yellow,2001,$45402.50
5TDDK3DC8BS964993,Ford,Thunderbird,Crimson,1993,$34734.04
1FTEX1CW2AK110221,Land Rover,Defender,Blue,1992,$39433.72
1G4HA5EM7BU924824,Lamborghini,Murciélago,Puce,2002,$25622.02
2G4GN5EX5F9262058,Hyundai,Veracruz,Goldenrod,2011,$23001.71
WAUJC58EX2A329226,Nissan,Titan,Orange,2009,$37965.65
3VW8S7AT8FM827939,Acura,MDX,Purple,2009,$38370.05
JH4DC538X6S081446,Chevrolet,Cavalier,Yellow,1992,$45038.58
ZHWGU5BZ1CL150981,Ford,E-Series,Violet,1986,$39394.88
WAUJFAFH2CN555882,Lincoln,MKX,Orange,2009,$46939.38
2G4GV5EV8B9802849,Mercury,Topaz,Orange,1989,$49657.40
1N4AL3AP9DC460826,Audi,Cabriolet,Pink,1994,$33667.91
WA1YD64B63N423110,Chevrolet,Express 1500,Pink,2004,$28415.42
1FTWF3C58AE309928,Lotus,Elise,Crimson,2009,$36683.12
JN1CV6EK0FM165448,Honda,Accord,Puce,1985,$35623.68
JTJBM7FX8C5693074,Mercedes-Benz,SL-Class,Aquamarine,1997,$44294.04
3GYFNDE30DS235707,Chevrolet,Express,Mauv,2010,$45358.52
WAUMGBFLXBA985900,Mercury,Tracer,Orange,1997,$42223.34
WAUEH98E46A987754,Oldsmobile,LSS,Mauv,1997,$36241.97
1GKKRNED4BJ932629,Mitsubishi,Lancer Evolution,Goldenrod,2006,$22681.91
WDDGF4HB3DR538838,Isuzu,Hombre,Aquamarine,2000,$27406.76
WAUBGAFB6BN203075,Ford,Explorer,Indigo,1995,$26845.18
WBAFA53581L577724,Mercedes-Benz,E-Class,Puce,1999,$29934.47
WBAEK73434B062345,Ford,Courier,Teal,1988,$31553.13
2G4WF551231628296,Volvo,C70,Violet,2001,$36914.66
1FTEW1CW1AK472057,Dodge,D250 Club,Green,1993,$40364.72
JH4KB16508C630668,Jeep,Patriot,Turquoise,2010,$44429.71
JH4CL96874C312101,GMC,3500 Club Coupe,Indigo,1997,$48207.38
JN8CS1MU3EM880125,Chevrolet,Corvette,Khaki,1993,$49950.84
WBA3B1C52DF412876,Nissan,Versa,Turquoise,2008,$23967.32
WAUBFCFL3CA821003,Toyota,Solara,Purple,1999,$24140.87
WBADW3C58DE629729,Porsche,924,Violet,1988,$40882.94
19UUA8F28CA846205,Bentley,Arnage,Crimson,2005,$36274.60
JM3TB2CV4F0700386,Buick,Skylark,Crimson,1997,$28359.65
1FTEW1CM5CF274057,Honda,Prelude,Mauv,1997,$32835.84
JH4CL96917C998438,Oldsmobile,Ciera,Aquamarine,1993,$39678.73
WBAUN1C58CV838569,Saab,9000,Pink,1990,$24770.62
1GYUKBEF6AR266201,Cadillac,DTS,Yellow,2007,$22541.55
WBAKB4C57BC864298,Ford,Taurus,Aquamarine,1991,$40522.61
SCBGC3ZAXEC081388,Pontiac,Bonneville,Blue,1965,$47590.47
WAUVC68E75A791710,Chevrolet,Traverse,Goldenrod,2011,$45919.84
JH4KA96643C206042,Jeep,Grand Cherokee,Yellow,1995,$44157.00
JM1NC2EF8A0658379,Mazda,Familia,Red,1992,$26184.59
1FTSX2B59AE201325,Cadillac,STS,Purple,2006,$43017.14
5N1AN0NU5FN675769,Honda,Pilot,Pink,2012,$44524.04
WBAUP93529V702939,Ford,E250,Goldenrod,2008,$29864.28
1G6KD57Y86U296055,Acura,TL,Maroon,2004,$38729.08
WBAYA8C50FD919842,Isuzu,Rodeo Sport,Red,2002,$33649.51
WA1YD64B82N706316,Ferrari,599 GTB Fiorano,Turquoise,2008,$31650.29
WAUDGAFL6EA497834,Land Rover,Discovery,Aquamarine,2011,$40337.94
WAUBF48HX8K421679,Jaguar,XJ Series,Aquamarine,1996,$35913.92
19UUA662X6A057790,Cadillac,CTS,Green,2012,$33432.11
JN8AE2KP5C9003878,Mercury,Mariner,Pink,2009,$39778.52
5UXFG8C5XAL306794,Mazda,B-Series,Indigo,1998,$47813.44
JN1CV6FE2FM463668,Ford,Freestyle,Teal,2005,$47746.26
1FTNS2EW0AD541355,GMC,2500 Club Coupe,Purple,1996,$49268.05
4T1BD1EBXDU557571,Chevrolet,Silverado 3500,Teal,2012,$30298.93
1FTEW1C80AF302962,Mercedes-Benz,GL-Class,Turquoise,2012,$42989.09
WAULT68E82A795896,Isuzu,Trooper,Khaki,1999,$33355.22
1D7RW3GK9BS525277,Volvo,S90,Violet,1997,$27081.85
WA1MMAFE5AD298869,Chrysler,LHS,Red,1995,$32553.94
1FTEX1C81AF302983,MINI,Cooper,Aquamarine,2011,$30816.35
KMHCT4AE9DU718128,Chrysler,LHS,Red,2001,$28988.58
5NPDH4AE4CH200785,Dodge,Ram 3500,Pink,2008,$33991.96
WAUMGBFL5DA036337,BMW,X5,Yellow,2009,$33426.71
TRUTC28N831603525,Honda,Fit,Violet,2010,$22110.01
1N6BF0KM4FN313200,Buick,Skyhawk,Aquamarine,1985,$34102.35
JTJBC1BA0B2046864,Oldsmobile,Alero,Orange,2000,$21680.65
19XFB4F26EE359548,Chevrolet,Suburban,Blue,2009,$48919.69
19UUA56673A353181,Audi,A4,Puce,2009,$25597.37
5GADX23L06D704684,Buick,Riviera,Blue,1993,$40386.65
WBAUP9C54AV909448,Toyota,Celica,Khaki,1992,$20002.67
JN8AF5MR2BT995735,Chevrolet,Express,Crimson,2012,$28280.95
WBAWL7C51AP289171,GMC,Sonoma,Blue,1999,$37104.05
3N1CN7AP4DL567228,Volkswagen,New Beetle,Violet,2003,$42095.16
1G6KE57Y04U215348,GMC,Yukon Denali,Fuscia,2006,$31740.66
1D7CW3BK8AS222339,Mercury,Grand Marquis,Turquoise,1993,$44446.86
5N1AT2ML7FC314985,Porsche,944,Goldenrod,1990,$22734.85
5UXFA93525L802752,Chrysler,200,Maroon,2011,$34130.27
WA1BY94L68D475788,Dodge,Ram,Violet,2010,$44262.76
JN8AE2KP0C9256770,Chrysler,New Yorker,Maroon,1993,$28078.91
1FMEU8DE1AU559106,Mercedes-Benz,SL-Class,Green,2000,$29591.64
KMHCT4AE0FU277217,Subaru,Legacy,Aquamarine,1999,$21944.87
3CZRE3H58BG203494,Pontiac,Firebird,Turquoise,1967,$48585.00
5TDBW5G16AS126896,Chevrolet,Avalanche,Teal,2002,$39892.06
JH4CL96976C978984,Ford,F250,Orange,2010,$22742.79
5XYZT3LB0EG672347,Mazda,Protege,Khaki,1995,$43674.06
JN1BY1AP8FM492686,Mercedes-Benz,SLK-Class,Pink,1999,$23876.98
WAUBF98EX8A584275,Toyota,Tacoma,Blue,2011,$36391.13
2HNYB1H64DH393329,GMC,Yukon,Puce,1999,$47709.01
3C3CFFFH5DT143647,Nissan,NV2500,Maroon,2012,$32001.19
2FMDK3AK4DB891906,Volvo,940,Blue,1993,$20987.97
WBXPC93468W902186,Chevrolet,3500,Crimson,1999,$41059.50
1C4RDJEG1FC743023,Lincoln,Mark LT,Purple,2006,$29256.02
5N1AA0NC1FN806795,Honda,Civic,Yellow,2005,$32921.25
3C63DPJL7CG466163,Subaru,XT,Fuscia,1986,$37966.15
WUARL48H34K356309,Ford,F350,Fuscia,2000,$44541.55
SAJWA4EC1FM309979,Mazda,MX-5,Fuscia,2012,$27399.37
WBAYG0C57DD959560,Oldsmobile,Intrigue,Fuscia,2000,$20386.69
WAUGFAFC9EN820444,Lexus,LS,Purple,2009,$44686.67
WAUVC58E55A948015,Land Rover,Defender 110,Goldenrod,1993,$20542.96
1HGCR6F38FA429348,Hyundai,Elantra,Yellow,2002,$31538.49
3N1AB6AP8CL877455,Subaru,Impreza,Pink,1993,$26251.54
WP0CA2A81AS354285,Toyota,Camry Hybrid,Khaki,2007,$39668.64
3VW4T7AT1EM509574,Cadillac,Eldorado,Fuscia,1994,$22392.20
JN1CV6AP1BM321489,Lotus,Elan,Orange,1991,$48966.51
JN1CV6EK7DM316623,Pontiac,Aztek,Aquamarine,2002,$35286.58
SAJWA4HA1EM089350,Dodge,Dakota Club,Orange,2001,$27154.05
JN8AF5MR9FT826494,Mercedes-Benz,GLK-Class,Aquamarine,2011,$34996.97
WBA4B1C54FG088637,Chevrolet,Silverado 3500,Violet,2001,$21482.86
1G6AL5S39D0853666,Mitsubishi,Chariot,Teal,1993,$32137.57
3D73Y4CL5AG458428,Volvo,960,Purple,1992,$24947.11
5LMJJ2H59CE507377,Mitsubishi,Montero,Pink,1995,$41745.46
1C6RD6FP5CS724494,Chrysler,Sebring,Yellow,1998,$41645.81
JH4KC1F52EC049875,Buick,LeSabre,Khaki,1997,$27284.92
5LMJJ2HT2FE333333,Land Rover,Discovery,Red,2002,$28915.65
WA1CGBFE1ED185063,Toyota,Tundra,Khaki,2004,$29613.41
1FMCU0F70FU094199,Dodge,Avenger,Green,1997,$39268.68
KNAFT4A20D5203761,Dodge,D250,Aquamarine,1993,$23820.32
JN1AZ4EH1EM792209,Lincoln,Navigator L,Red,2012,$32191.67
2FMGK5BC0BB756290,Mazda,B-Series,Goldenrod,1986,$46200.81
3N1BC1APXAL263282,Isuzu,Rodeo,Mauv,1995,$46832.91
3D73Y3HL2BG372661,Lincoln,Continental,Violet,1991,$28629.10
1G6AH5RX7F0255198,Toyota,FJ Cruiser,Orange,2010,$49447.82
WBASN0C50DD154284,Nissan,Pathfinder,Khaki,2009,$44501.54
WBABD33464P674421,Dodge,Intrepid,Maroon,2002,$46382.25
WAUEH74F18N890140,Volkswagen,Cabriolet,Indigo,1990,$39482.70
5GALRBEDXAJ798028,GMC,Yukon XL 2500,Turquoise,2006,$32016.85
JH4NA12665S342878,Porsche,Boxster,Blue,2000,$34396.84
5N1CR2MM9EC392764,Dodge,Ram 1500,Violet,2001,$45647.19
WBAVA375X7N049478,Pontiac,Grand Prix,Fuscia,1971,$30621.83
WBSBL93405P081172,Infiniti,FX,Aquamarine,2003,$29046.44
2G61T5S32F9895301,Buick,Park Avenue,Aquamarine,1999,$21606.16
JH4CU2E81EC505612,Chevrolet,Silverado 2500,Fuscia,1999,$39947.12
JN1CV6FE7FM790843,Chevrolet,Tahoe,Red,2010,$33910.34
1G4CW54K934930038,Lamborghini,Diablo,Teal,1992,$38044.68
3CZRE3H39AG699998,Nissan,Armada,Maroon,2008,$38347.11
W04GP5EC7B1913548,Dodge,D350,Pink,1992,$22702.16
TRURD28N261156167,Toyota,Yaris,Khaki,2007,$20540.04
WVGAV7AX8FW897516,Toyota,Yaris,Crimson,2006,$48462.76
WBABS534X2E968981,Toyota,Land Cruiser,Turquoise,1998,$32144.72
2C3CDXDT9CH080546,Chevrolet,Corvette,Pink,1965,$28233.40
WAUHF98P36A550798,Kia,Sorento,Indigo,2011,$34122.71
WAUGN74F79N611017,Dodge,Viper,Pink,2000,$37084.60
1N6BF0KM3FN880692,Mitsubishi,Lancer Evolution,Aquamarine,2004,$27585.74
19UUA9F26CA158421,Dodge,Viper,Aquamarine,2002,$28887.07
1VWAS7A32FC914707,Mazda,MX-5,Red,2010,$40872.03
1G4GC5EC7BF976973,Lexus,ES,Fuscia,2009,$48957.31
1G4PT5SV1E4242464,Toyota,Avalon,Mauv,2011,$47296.48
3N1CE2CP4FL840929,Infiniti,G,Red,2008,$48163.64
1G6KP5ES2BU636848,Acura,RDX,Blue,2012,$45244.08
1N6AA0CJ1EN513853,Chevrolet,Monte Carlo,Indigo,2007,$30880.60
JH4KA96671C225438,Chevrolet,Cavalier,Green,1997,$27784.14
WA1WKBFPXBA288556,Subaru,Legacy,Maroon,1992,$36787.63
5GAKVBKD9FJ502306,Honda,Odyssey,Violet,2012,$41856.29
WAUJT68E45A816884,Buick,LeSabre,Green,1991,$44098.40
WUARL48H59K813094,GMC,Vandura G2500,Green,1995,$39008.15
JHMGE8G36BC859012,Pontiac,LeMans,Red,1966,$38345.16
1FTNF2A5XAE089426,Toyota,Prius,Goldenrod,2001,$34386.24
1FMCU0F71DU532774,Bentley,Continental,Yellow,2009,$39497.40
SCFAB01A68G152889,Dodge,D350 Club,Purple,1992,$24734.27
1D7CE3BK5AS298233,Jeep,Grand Cherokee,Goldenrod,2012,$45087.66
2HNYD28768H043053,Aston Martin,V8 Vantage S,Green,2012,$41337.69
WAUVT68E72A928026,Isuzu,Rodeo,Red,1993,$41748.97
WA1AY74L77D189088,Infiniti,FX,Pink,2006,$26339.14
WBANA53524B153722,Subaru,Outback,Puce,2000,$45018.75
SAJWA2GT8EM722420,Chevrolet,Tracker,Pink,2001,$44783.34
WBASN4C5XAC206836,Honda,Fit,Mauv,2008,$38758.74
WAUWFAFH7DN602220,Kia,Forte,Fuscia,2012,$28964.35
5YMGZ0C59E0766903,Subaru,Forester,Maroon,2007,$29039.38
SCBBR93W47C514982,Saab,900,Puce,1986,$22540.84
WA1LGAFE7DD385034,Mercedes-Benz,E-Class,Goldenrod,1995,$35662.08
JH4CU2F65DC923649,Ford,Laser,Green,1985,$43304.34
WVWEU9AN8AE008165,Kia,Optima,Teal,2009,$42307.97
KL4CJASBXEB734262,Ford,Thunderbird,Khaki,1985,$41791.32
3D7LT2ET3BG623300,Toyota,RAV4,Maroon,2004,$42503.76
19VDE2E5XEE158792,Isuzu,i-350,Yellow,2006,$23448.49
3VW4T7AT2DM741759,Ford,Tempo,Red,1984,$20210.55
WBSWD9C56AP046945,Ford,Crown Victoria,Teal,2002,$20222.19
2G4GU5GV8C9933751,Subaru,Legacy,Teal,1990,$31085.10
WBAGL63575D563415,Ford,Ranger,Mauv,2008,$32846.46
2G61S5S33E9443214,Kia,Sportage,Pink,2001,$36556.14
WBAVA33527P302741,Cadillac,Eldorado,Aquamarine,1999,$47876.21
WBAET37475N307177,Suzuki,Sidekick,Fuscia,1998,$38412.02
5FRYD3H85EB607683,GMC,Safari,Puce,2000,$21238.72
1N4AA5AP8AC903593,Oldsmobile,Bravada,Blue,1992,$35654.37
KNAFZ6A38F5975902,Oldsmobile,Cutlass Supreme,Orange,1992,$22574.34
3D7LP2ET9BG711496,BMW,Z8,Mauv,2001,$20321.85
WAUGL68E65A115998,Mercedes-Benz,M-Class,Violet,2012,$31628.89
WDDHF0EB2FB316577,Chevrolet,Monte Carlo,Mauv,1996,$45957.87
5NPEB4AC0CH384417,Kia,Optima,Green,2001,$39177.73
WBAWC33509P768007,BMW,X5,Teal,2009,$30728.03
WVWAB7AJ1CW214155,Dodge,Stealth,Violet,1993,$27358.51
WP0AB2A84CS277029,Hyundai,Elantra,Teal,2008,$40624.87
WAUKFBFL7DA611144,Dodge,Ram Van B350,Green,1993,$27403.69
1FTMF1E87AK073373,Nissan,Quest,Purple,2000,$32627.33
1FMCU9D71AK242338,Buick,LeSabre,Puce,1999,$21724.66
KMHHU6KJ8FU345127,Audi,Q7,Blue,2007,$48657.56
WBANA735X5C977877,Nissan,350Z,Fuscia,2007,$25488.51
WDDUG7GBXFA959685,Porsche,911,Purple,1994,$42965.05
4USBU33577L445215,GMC,2500,Red,1993,$40350.30
YV1612FH9E1419461,Volkswagen,Jetta,Violet,2002,$36749.64
JN8AF5MR9BT491201,Cadillac,STS-V,Turquoise,2006,$24012.10
WBANE53587B025901,Ford,Th!nk,Aquamarine,2000,$45151.68
WVGAK7A96AD082780,Mazda,Miata MX-5,Pink,1995,$31027.39
JM1CR2W32A0696586,Porsche,Boxster,Fuscia,2012,$32869.17
YV1902FH6D1790401,Dodge,Intrepid,Purple,2000,$44983.27
2C3CDXCT7EH063491,Lincoln,Town Car,Indigo,2006,$32923.94
5GALRAED3AJ363099,Chevrolet,Suburban 1500,Crimson,2001,$30070.73
1G4HR54K614570818,Ford,Courier,Turquoise,1989,$23396.76
WA1DGAFE2DD636854,Chevrolet,Silverado 3500,Mauv,2004,$38209.06
KMHTC6AD2FU657887,Buick,LeSabre,Indigo,2002,$40497.48
SALVP1BG0CH306163,Mazda,626,Pink,1999,$45187.49
KNAFT4A26D5561236,Nissan,Frontier,Green,2008,$46825.56
1G6AT5S38E0979812,Porsche,944,Teal,1987,$44655.79
WAUJFAFH0EN220106,Dodge,D150,Aquamarine,1992,$45525.12
WAUDF98E98A149983,Pontiac,Montana,Crimson,2003,$21156.49
1G4GA5GR9FF177726,Dodge,Caravan,Mauv,2011,$38645.12
SCFEBBCF9CG362501,Lexus,SC,Green,2005,$27689.51
3C63DRKL7CG827725,Toyota,Celica,Crimson,1995,$25454.65
WBA8Z5C51FG354314,Suzuki,SX4,Orange,2012,$41148.46
5N1AN0NW7DN847315,Mercedes-Benz,300SD,Crimson,1992,$27286.47
19UUA8F34EA478021,Volkswagen,Golf,Teal,1976,$22800.62
WBANU53588C083229,Mitsubishi,Pajero,Red,2002,$33477.09
5TFCY5F14BX191368,Subaru,XT,Red,1986,$45977.79
5NPEB4AC5BH413506,Saab,9000,Fuscia,1990,$22877.77
JN8AZ2KR7ET260052,Toyota,Corolla,Mauv,2003,$48661.78
1FBSS3BL4AD421713,Jaguar,S-Type,Fuscia,2004,$41724.32
5N1AN0NU3AC267114,Oldsmobile,Achieva,Crimson,1997,$24620.90
WAUDF98E46A838181,Pontiac,Sunbird,Orange,1986,$46568.03
1ZVBP8AM1C5857033,Pontiac,Firebird Formula,Puce,1992,$45298.31
WBSBL93465P159583,Honda,S2000,Khaki,2008,$47309.22
WUAAU34218N076401,Volkswagen,New Beetle,Green,2005,$28571.00
WAUBF78K09N503305,GMC,Savana,Blue,2010,$34539.31
WAUK2AFD6FN483389,Ford,Taurus,Mauv,1992,$45731.48
1FTEX1C82AF700610,Buick,Century,Turquoise,1995,$47530.73
1FTEW1C81AK760260,Toyota,MR2,Teal,2002,$28033.91
WAUAH74F89N267596,Ford,F350,Yellow,2000,$21338.19
4A4JM2AS1BE491357,Ford,Ranger,Pink,2006,$40084.53
JTDZN3EU8D3347313,Mitsubishi,Mirage,Red,1991,$32345.30
3C6JD7DP9CG963012,Mitsubishi,Eclipse,Pink,2012,$29050.16
1FMEU7EE6AU087624,Mercury,Sable,Green,1996,$44281.26
1FTSW2B53AE085171,Ford,Mustang,Maroon,1989,$36316.96
WAUDK78T19A302209,GMC,Sierra 2500,Red,2010,$36818.53
1FMEU6FE8AU310075,Pontiac,LeMans,Blue,1964,$46736.61
WA1EV94L17D033621,Mitsubishi,Galant,Crimson,2008,$24255.66
1FTEX1CM1BK274916,Chevrolet,Venture,Khaki,1997,$44911.59
WAUBFAFLXDN899292,Land Rover,Range Rover,Orange,2007,$37713.71
WA1CGAFE3DD288171,Ford,Explorer Sport Trac,Red,2007,$31263.88
5TFCM5F18AX850336,Mazda,Protege5,Pink,2002,$49090.16
KMHCT4AE1FU673608,Dodge,Ram 1500 Club,Maroon,2001,$45684.38
SAJWJ0FF7F8091489,Daihatsu,Charade,Puce,1992,$32403.42
TRUSX28N711100923,Mitsubishi,Lancer,Green,2006,$37085.59
WBAKF5C53DJ429951,Mercury,Mountaineer,Yellow,2009,$27617.09
1FBNE3BL2BD586665,Mitsubishi,RVR,Puce,1992,$27833.20
2D4RN6DX0AR470011,Chevrolet,Lumina,Goldenrod,2001,$35386.86
1GYFC26209R663156,Bentley,Continental,Orange,2009,$27893.15
1GTN1UEH0EZ375446,Buick,Regal,Orange,1993,$22702.48
WAUKFBFL5AA957267,Pontiac,Firebird,Indigo,1993,$38418.51
JTHBL1EF5E5537099,Nissan,Sentra,Violet,1998,$20454.24
1G6DF5EGXA0605117,Mazda,Protege,Aquamarine,1996,$26913.33
1HGCP2E3XAA498521,Nissan,Sentra,Teal,2000,$38711.89
JN1AJ0HP5AM232769,Kia,Sportage,Puce,1996,$45641.81
3GYFNAEY1BS138586,Pontiac,Grand Prix,Turquoise,1995,$25843.32
1FTEW1E80AF266395,Honda,CR-V,Indigo,2008,$34384.52
WBALM5C59AE633264,Lincoln,Town Car,Puce,2000,$38771.08
1N4AL2AP8AC847552,Suzuki,Aerio,Goldenrod,2005,$31657.80
WBABS53413J327016,Porsche,911,Pink,2005,$24124.32
WBA1F5C57FV257589,Hyundai,Veloster,Puce,2012,$20145.78
1FTEW1C80AF200562,BMW,M3,Yellow,1995,$20353.70
1GKKRNED5CJ485911,Nissan,JUKE,Fuscia,2011,$39943.56
5UXZV4C50D0236191,Pontiac,Monterey,Violet,2005,$30575.74
3D7TP2CT7AG083150,BMW,X6,Green,2011,$37646.52
WBAFV3C56FD487272,BMW,530,Blue,2001,$27828.84
SALGR2VF5EA004519,Chevrolet,Aveo,Green,2004,$49635.23
1GT01XEGXFZ431719,Volkswagen,Rabbit,Crimson,2006,$47918.72
2T2BK1BA2BC267417,Porsche,911,Teal,2008,$37433.04
WBAKE3C53DE210603,Mitsubishi,Pajero,Khaki,2006,$42049.40
WAUMGAFL2BA086474,Cadillac,DeVille,Violet,1999,$42726.65
3C3CFFCR7CT721128,Honda,Element,Pink,2007,$25637.50
WVWGD7AJ5EW532352,Hyundai,Santa Fe,Fuscia,2007,$21215.86
JN8AF5MR5ET864027,BMW,Z3,Turquoise,1996,$40045.22
2GKALMEKXE6178367,Buick,LaCrosse,Pink,2012,$30792.52
1D7RE3GK0BS246867,Saab,9000,Violet,1994,$40747.58
WBAFR1C54BC991568,Bentley,Continental Super,Turquoise,2011,$48012.65
WAUHFBFL1CN089547,Audi,TT,Pink,2012,$46495.21
SCFBB03B78G394309,Ford,E350,Pink,2009,$32389.62
JM1NC2PF2F0176432,Ford,Windstar,Mauv,2000,$29720.14
JTMHY7AJ5B4483492,Audi,S4,Orange,2009,$20663.74
19VDE3F34EE546216,Maybach,62,Crimson,2007,$37106.58
3C4PDCDG1ET914103,Aston Martin,V12 Vantage,Orange,2011,$38212.01
3C6LD5AT6CG222119,Chevrolet,Cavalier,Turquoise,1998,$48339.15
WAULT54B32N674305,Buick,Century,Turquoise,2000,$44989.21
1GYS4CKJXFR147879,Mitsubishi,Endeavor,Goldenrod,2005,$21025.09
5BZBF0AA5EN797810,Chevrolet,Avalanche,Mauv,2008,$45198.40
JM1NC2NF2E0906972,Acura,RL,Fuscia,2012,$27018.95
WBABN53433J205247,Audi,A8,Pink,2000,$21578.22
WAUKD98P66A788687,BMW,M5,Goldenrod,2001,$44611.68
WAUBF78E57A632588,Audi,A6,Pink,2003,$45991.41
JH4CU256X9C725612,Plymouth,Voyager,Puce,1993,$48296.03
SCBLE37G23C384260,Aston Martin,DB9,Mauv,2009,$38555.26
3VW467AT8DM775504,Pontiac,Firebird,Crimson,1998,$21670.12
JH4KB16698C864090,GMC,Sierra 1500,Teal,2013,$39276.49
1N6AA0EJ9FN044168,Jeep,Compass,Maroon,2009,$24083.37
5N1AZ2MG0FN436366,Ford,F150,Mauv,2003,$22165.58
WAUWFAFH5AN591679,Audi,Quattro,Indigo,1992,$44129.68
1FMJK1H57DE979473,Pontiac,Grand Prix,Orange,1993,$42973.03
JN8AE2KP0C9768478,Mercury,Sable,Maroon,2002,$43018.30
WAUSG78EX6A327633,Dodge,Dakota,Crimson,1995,$37080.12
1FBSS3BL4AD831377,Nissan,Versa,Orange,2010,$29981.22
WBSBR93494P999063,GMC,2500 Club Coupe,Purple,1994,$27674.90
KM8JT3AB2BU981100,Mazda,B-Series,Yellow,1992,$46115.99
1C3CDFAA6DD465459,Subaru,Brat,Aquamarine,1985,$30639.36
1G6DX67D980231311,Holden,Monaro,Violet,2004,$20311.45
19UUA66264A830896,Chrysler,PT Cruiser,Green,2001,$29813.40
5NPDH4AE3FH953812,Ford,F350,Violet,2006,$29225.48
JTEBU5JR8D5375582,Cadillac,SRX,Teal,2007,$35641.78
WAUCF78K49N787171,GMC,Rally Wagon 1500,Indigo,1993,$43922.72
WBAAV33491E521208,Aston Martin,Vantage,Indigo,2007,$42352.30
1FTEW1C82AK924468,Buick,Regal,Teal,2001,$24832.03
WAUEFAFL4CN577761,Lincoln,Navigator,Pink,1999,$46058.74
WAUD2AFD2DN035348,Dodge,Ram Van 1500,Goldenrod,1999,$28151.95
5NPDH4AE3FH253708,MINI,Clubman,Mauv,2010,$37742.67
WP0AB2A98BS296772,Geo,Metro,Violet,1993,$29698.16
2G4GS5GXXE9083227,Acura,Integra,Turquoise,1992,$41031.19
1D7RV1GP1BS961690,Suzuki,Daewoo Lacetti,Red,2005,$23950.97
1N6AA0EC9FN003993,Ford,Bronco,Puce,1994,$42338.20
WBA5B1C56FD425668,Subaru,Forester,Yellow,2002,$23564.97
1G6AV5S87F0487165,Buick,Riviera,Maroon,1990,$32146.67
WBAPH7C56BE183110,Pontiac,Grand Am,Maroon,1990,$43591.84
1D4PT5GK9BW863571,Mazda,Millenia,Maroon,1998,$49437.33
WAUHGBFC8CN958027,Chevrolet,Suburban 2500,Blue,2000,$48502.49
WAUBGAFC1CN711903,Porsche,928,Fuscia,1994,$44230.16
1N4AL3AP6EC194098,Chevrolet,Malibu,Goldenrod,2012,$23372.32
WUADNAFG4AN996617,Mazda,RX-7,Purple,1991,$28027.19
WP0AA2A92FS280477,Porsche,944,Goldenrod,1983,$42894.12
1G4CW54K124557737,Chevrolet,Classic,Crimson,2005,$44535.21
1FTEW1E86AK059260,Mitsubishi,GTO,Blue,1994,$39939.33
WBSPM9C56AE599949,Volkswagen,New Beetle,Mauv,2002,$34324.67
WBAKA4C51BC443244,Ford,F250,Purple,2011,$41417.75
WAUVFAFH2DN827138,Toyota,Tacoma,Mauv,2008,$49467.07
2G4WS55J341753143,Mitsubishi,Eclipse,Khaki,1990,$43267.26
WAUEF98E58A081573,Lamborghini,Gallardo,Orange,2004,$24447.52
1FTFW1E87AF030217,Volvo,V70,Green,2001,$36227.99
SAJWA4DC5AM397770,BMW,550,Indigo,2006,$43736.18
5NPET4AC7AH664121,Isuzu,Trooper,Fuscia,1996,$30026.86
1G6DM57N540098570,Buick,LaCrosse,Orange,2008,$24134.07
1GYS3LKJ3FR395457,Chevrolet,Tahoe,Blue,1998,$32691.18
WBA4A7C57FD427446,Hyundai,Elantra,Yellow,1997,$40329.46
WBA3V7C59EJ424046,Audi,riolet,Maroon,1997,$31241.70
5N1BA0NC5FN409109,Acura,Vigor,Puce,1994,$43784.32
WAULC58E75A587524,Saturn,Ion,Puce,2006,$45607.37
5GADV23167D561374,Acura,Vigor,Aquamarine,1992,$42016.86
2C3CDYBT7DH700921,Ford,Escape,Goldenrod,2009,$22391.55
1GD12YEG5FF895831,Acura,TL,Mauv,2001,$32132.99
WAUSH74F98N876845,Pontiac,Grand Prix,Turquoise,1999,$21162.82
1G4GH5E32DF779407,GMC,Sonoma,Maroon,1996,$41451.73
3VWML7AJ9DM548961,Mercedes-Benz,C-Class,Aquamarine,2000,$40751.67
WDCYC3HF5CX745059,Lexus,LS Hybrid,Fuscia,2010,$36292.10
1G6DD67V690908835,Toyota,Sequoia,Crimson,2008,$33183.08
WVGEF9BP8FD613760,Suzuki,Vitara,Purple,2003,$42350.59
JTHHE5BC0F5765731,Ford,Windstar,Green,1996,$38205.55
WAUJC68E22A472029,GMC,Savana Cargo Van,Fuscia,2006,$31824.24
3D7TP2HT0AG361203,Lexus,GX,Turquoise,2007,$31585.29
3CZRE3H55BG109105,Isuzu,Space,Red,1992,$45717.13
3D73Y3CLXBG084605,Ford,Mustang,Indigo,2008,$40749.26
2D4RN5D10AR487977,Hyundai,Accent,Fuscia,1997,$20805.77
3GYFNGE38ES889471,Lincoln,MKT,Orange,2012,$37033.92
JM1DE1KY1E0083800,Cadillac,STS,Yellow,2008,$26026.54
3C3CFFFH2ET280045,Jaguar,XF,Indigo,2010,$26531.65
JA4AP3AU3CZ371960,Ford,Econoline E250,Pink,2001,$27932.61
1G4HG5EM3AU158359,Mitsubishi,Eclipse,Green,2003,$21043.39
1C4SDJCT8FC404955,Chevrolet,Suburban 2500,Violet,2000,$25471.25
1D4PT4GX0BW382162,Lexus,SC,Khaki,1998,$46151.52
1HGCR6F5XFA736148,Mercury,Grand Marquis,Puce,1998,$30017.31
KM8JT3AB8DU719696,MINI,Cooper,Red,2004,$40469.34
JN8AS1MU4BM882811,Saab,9-7X,Violet,2005,$45252.67
1D4PT6GX3AW706585,Acura,Legend,Blue,1995,$33218.62
1G6AU5S88F0441721,Dodge,Ram 50,Puce,1992,$29666.75
WAUDF68E45A467682,GMC,Savana 3500,Green,2008,$42846.54
3N1CN7AP3FL150363,Jeep,Compass,Blue,2011,$37561.00
SAJWA2GZ6E8265572,Cadillac,CTS,Puce,2010,$24591.87
JN1AZ4EH5CM213798,Audi,Coupe Quattro,Indigo,1990,$24951.22
WBABN33431J219117,Oldsmobile,Regency,Turquoise,1998,$46723.23
KM8NU4CC9BU964675,Mercedes-Benz,W201,Indigo,1985,$20152.01
2FMGK5B88FB847213,Volvo,240,Blue,1993,$47600.36
WAUVC58E03A150244,Mercedes-Benz,R-Class,Green,2006,$44383.63
JTHDU1EF5B5929422,Oldsmobile,Aurora,Crimson,1995,$25892.24
SCBLE37GX3C146995,Dodge,Grand Caravan,Khaki,2005,$20614.95
JN8AF5MRXCT542173,Land Rover,Defender,Yellow,1993,$34837.20
WVWED7AJ9BW698781,Mercedes-Benz,R-Class,Pink,2012,$22124.87
1G6D25EYXB0659961,Plymouth,Neon,Green,1997,$46919.22
1FTEW1C87AF567782,Mercedes-Benz,SL-Class,Fuscia,1993,$41660.70
WBAKF3C54CJ382562,Maserati,GranTurismo,Violet,2010,$27352.63
JTHDU1EF1A5748123,Ford,Flex,Goldenrod,2013,$41449.49
1GYS4EEJ4BR846975,Mercedes-Benz,600SL,Red,1993,$31992.87
1GKMCAE35AR233892,Audi,Q7,Blue,2011,$20052.55
2D4RN7DG3BR917826,Dodge,Neon,Orange,1995,$22699.13
1FTWW3DY5AE610441,Geo,Storm,Teal,1993,$23077.34
5UXZV4C56D0518979,Acura,NSX,Turquoise,2000,$25782.01
WAUMK98K79N383129,Porsche,Boxster,Fuscia,2010,$24420.12
5GAKVBKD3DJ903816,Nissan,NX,Green,1992,$32202.55
1G4GF5G30FF411913,Ford,Focus,Orange,2003,$21072.25
5GAEV13798J171844,Kia,Sportage,Puce,1999,$35138.87
WAUKF98E08A055160,GMC,Suburban 1500,Pink,1997,$43593.10
WAUJT58E73A457957,Volkswagen,Jetta,Fuscia,2000,$25598.24
19UYA42752A551685,Mercedes-Benz,W126,Orange,1981,$29414.69
JHMFA3F24AS863972,BMW,1 Series,Puce,2009,$45889.58
WBAGL63423D471746,Ford,Mustang,Goldenrod,2002,$32593.16
YV126MEC8F1577860,Pontiac,Firefly,Blue,1986,$21130.35
1FTSW3B56AE349795,Ford,Club Wagon,Purple,1996,$24788.87
WAUDFAFL5BA163938,Toyota,Sequoia,Green,2007,$35656.20
WAUBF78KX9N960722,Audi,A8,Yellow,1999,$26672.74
1N6AD0CUXEN091440,Chevrolet,Silverado,Orange,2009,$44023.89
WAUDG98E56A614026,Maybach,57,Mauv,2004,$32151.36
SALGR2VF1FA806213,Jaguar,XF,Blue,2010,$48960.39
WBAWV53518P501916,Mazda,Mazda5,Mauv,2012,$43322.01
3C4PDDEG1CT016814,BMW,Z4 M,Indigo,2009,$25965.83
SAJWA0FS0FP771172,Chevrolet,Corvette,Fuscia,2004,$48763.93
5N1AR1NB4CC666111,Chevrolet,S10,Green,2000,$26901.23
WBA3N5C51FK906140,Mercury,Sable,Yellow,2008,$29706.55
WAUFGBFC1DN883258,Cadillac,Escalade EXT,Goldenrod,2007,$28188.87
WP0AA2A83BU534509,Dodge,Ram Van 2500,Maroon,2002,$44165.30
5UMBT93517L779361,Jeep,Wrangler,Purple,1997,$49430.54
1FTMF1EW2AK575075,Saab,900,Orange,1987,$34189.72
19UUA8F29CA913314,Toyota,T100,Orange,1996,$28293.37
WAUCFAFC0EN411098,Mercury,Grand Marquis,Crimson,2006,$46319.89
WDDHF0EBXEA781726,Buick,Park Avenue,Purple,1996,$45128.41
2HNYD18904H304635,Mitsubishi,Eclipse,Maroon,1991,$29177.14
19UUA9E50CA069147,Lincoln,MKZ,Puce,2012,$33823.34
JN1CV6EK0FM629676,Volvo,C70,Blue,2008,$33083.86
WAUKF78E98A562224,Hyundai,Azera,Violet,2006,$44657.53
WBAFV3C52ED426225,Mitsubishi,Endeavor,Mauv,2007,$42439.66
WBA3R1C50FF298147,Mitsubishi,Mirage,Yellow,1994,$24981.43
1D4PU6GXXAW223267,Eagle,Summit,Yellow,1992,$45581.29
WA1YD54B85N220314,Chevrolet,G-Series 2500,Orange,1998,$41960.80
3GYFNBE32ES470826,Volkswagen,Passat,Puce,1992,$32206.99
2C3CCAKT0CH740699,Volkswagen,Eurovan,Aquamarine,2000,$32494.01
WVWAB7AJ7DW698575,Chevrolet,Cavalier,Fuscia,1994,$30487.45
1FTSW2B50AE461101,Mitsubishi,Mirage,Blue,1995,$37202.88
WBAVT73537F663547,Mercedes-Benz,E-Class,Blue,1989,$49849.24
JN1AJ0HP2CM020009,Mitsubishi,L300,Indigo,1988,$38325.17
1GKS1EEF2CR057000,Mazda,Mazda6,Mauv,2012,$38174.95
1G4HE57Y27U434965,Kia,Forte,Aquamarine,2011,$38352.14
WBAXG5C53DD311674,Mazda,Miata MX-5,Violet,2005,$48738.26
WBA6B4C52FD063327,Pontiac,Grand Prix,Green,1964,$31511.39
1N6AA0CA7DN849912,Volkswagen,New Beetle,Goldenrod,2012,$46334.84
4T1BF3EK9AU956165,Chevrolet,Express,Orange,2009,$46007.89
WA1VMBFE9BD394290,Ford,Taurus,Aquamarine,1995,$31815.24
JN1AV7AP7FM183377,Hummer,H2,Fuscia,2003,$27965.95
KNAFX6A88E5609020,Volkswagen,Golf,Blue,2005,$38150.00
1FAHP3EN9BW915410,Subaru,Legacy,Green,2006,$33982.48
1FTEW1C85AF059116,Dodge,Ram 2500 Club,Purple,1996,$44348.83
3VW1K7AJ1FM792046,Ford,Fiesta,Orange,2012,$41854.68
2B3CK5CTXAH398861,Volkswagen,Routan,Khaki,2009,$48964.20
WDCYC3HF1AX778203,Acura,TSX,Green,2005,$42261.40
3C3CFFBR7DT541361,Chrysler,Prowler,Violet,2002,$45026.44
1GYS4JEF9BR338781,Kia,Spectra,Maroon,2000,$46706.66
1G6DN57S540059710,Ford,Taurus,Mauv,2000,$36231.86
WAUUL78E88A133190,Hyundai,Sonata,Crimson,2003,$29485.75
5N1AR1NB7CC764792,Buick,LeSabre,Aquamarine,1988,$44955.47
3D73Y3HL1AG335261,Jeep,Grand Cherokee,Orange,2009,$28495.80
2G61L5S37E9744839,Dodge,Dakota,Green,2004,$36359.50
1G4HP57M89U146653,Ford,Windstar,Teal,1998,$43161.33
1D4PU6GX4AW104193,Mercury,Cougar,Goldenrod,1985,$34318.34
1GYS4LKJ4FR212774,Mitsubishi,Montero Sport,Aquamarine,2003,$36272.54
JA32U1FU4AU834553,Audi,TT,Indigo,2008,$29891.27
WBAYP9C57ED658003,Mercedes-Benz,300SL,Mauv,1992,$24597.12
WAUAH94F07N480132,Oldsmobile,Bravada,Teal,1999,$39576.98
1GD11ZCG2DF929264,Mercedes-Benz,E-Class,Pink,2010,$30909.67
KMHGH4JH9DU062185,Ford,Tempo,Yellow,1987,$32812.14
SAJWA4EC0DM302163,Rolls-Royce,Ghost,Violet,2010,$40202.08
SCFFBCBD8BG324928,BMW,8 Series,Goldenrod,1994,$35253.04
YV4902DZ0B2029465,Toyota,Tercel,Indigo,1992,$23565.77
WA1CFBFP7DA944206,Dodge,Stratus,Orange,2001,$33535.78
SAJWA4DB5DL188272,Chevrolet,Suburban 1500,Pink,2011,$38889.90
1G6AB5RX6D0205830,Cadillac,SRX,Khaki,2007,$27537.29
1FTWF3D50AE816322,BMW,Z3,Purple,2002,$41295.50
WBAFU9C54DD757117,Ford,Taurus,Blue,1997,$39686.43
1D7RE3BK8AS946657,Mitsubishi,Mirage,Violet,2001,$47270.94
JN1CV6APXBM914087,BMW,M3,Green,2009,$39735.71
5N1AR1NB8BC612051,Volkswagen,Jetta,Puce,2008,$47542.72
WBA6A0C51DD238370,Mazda,Mazda6,Orange,2012,$21274.38
1FTEX1EW8AK565636,Buick,Roadmaster,Yellow,1993,$24235.68
19UUA65624A824324,Lincoln,Continental,Mauv,1989,$20039.88
1G4HP54K514197812,Chevrolet,Blazer,Crimson,2000,$36420.91
WBA4A7C5XFD924619,Volkswagen,Golf,Red,2012,$46019.03
1ZVBP8JS5B5739998,Volvo,V70,Blue,2007,$30094.23
5UMDU93436L891722,Mercury,Monterey,Aquamarine,2007,$23248.38
WBAPK5G54BN375173,Mercedes-Benz,CL-Class,Violet,2006,$40370.22
SCFEDCAD9CG509384,Porsche,911,Mauv,1986,$48752.72
JTDBT4K30B1912378,Audi,A8,Maroon,1999,$43490.25
2G4GR5EC0B9708984,Buick,Skylark,Orange,1998,$24989.60
ML32A3HJ8FH402026,Dodge,Dakota,Khaki,1993,$48669.31
KNDJN2A22F7741350,Acura,Integra,Red,2001,$36737.13
1FTMF1EW8AF730334,Ford,Bronco II,Khaki,1985,$35655.81
WAUDF98E76A763539,Ford,Tempo,Orange,1989,$33449.95
WA1CM94L49D988345,Hyundai,Accent,Aquamarine,2011,$22900.85
WA1WGAFP4EA002331,Volkswagen,Rabbit,Khaki,2007,$43175.67
1C4NJCBA9DD908553,Infiniti,QX,Turquoise,1998,$29129.65
WBABN73443P501757,Ford,Fusion,Violet,2011,$32826.15
2T1BPRHEXFC907734,Buick,Special,Pink,1962,$26965.39
WBAEN33474E715564,Dodge,Ram 1500,Yellow,2003,$25039.38
W04GS5EC1B1910031,Mitsubishi,Galant,Teal,2006,$22814.63
WAUFFAFM9BA366784,MINI,Cooper,Khaki,2003,$26964.70
1GKUCEEFXAR737825,BMW,3 Series,Goldenrod,1995,$38188.67
1FMCU9C78AK453960,Jaguar,X-Type,Mauv,2002,$48259.54
19UUA65635A559379,Lincoln,Continental Mark VII,Violet,1992,$45734.87
2B3CK2CV9AH184962,Geo,Metro,Red,1995,$26701.66
YV4852CT8B1772665,Saab,9000,Mauv,1999,$29372.07
WAUWG94F19N066109,Bentley,Azure,Maroon,2006,$32149.28
3C3CFFJH3ET876191,Pontiac,Bonneville,Indigo,2001,$36211.99
1GTPCTEX9AZ210641,Mitsubishi,Mirage,Indigo,1987,$44442.49
WBAVB17526N521009,Nissan,Sentra,Maroon,1992,$39726.17
WAUPL68E35A631137,Ford,Taurus,Indigo,2010,$35206.11
5TDDCRFH0FS416419,Lincoln,Mark LT,Maroon,2007,$47907.53
1N6AA0CH2EN024892,Jaguar,XF,Fuscia,2012,$21172.17
SALVN2BG6EH621015,Pontiac,GTO,Puce,1972,$49253.17
3VW4T7AT1EM269510,Mazda,CX-9,Crimson,2012,$33878.36
3VW4T7AT4EM954679,Volvo,S90,Green,1997,$49276.24
JH4DC53874S469893,Chrysler,Sebring,Puce,1996,$29210.84
1FMEU7DE6AU349014,Mitsubishi,Outlander,Red,2006,$26526.85
WBAVB33566K312293,Infiniti,I,Teal,1997,$20742.73
JN1BJ0HP0EM659660,Porsche,911,Goldenrod,1986,$27346.46
WBA3A9C54CF573391,Chevrolet,Blazer,Crimson,1992,$32624.96
3C4PDDDG3DT205614,Hyundai,Sonata,Purple,1993,$38584.67
WBAWR33587P487309,GMC,2500,Goldenrod,1997,$23625.20
1GYS4FEJ8CR838143,Cadillac,Eldorado,Khaki,1996,$41454.63
WBAKN9C53FD610012,Ford,Festiva,Violet,1991,$46385.25
JN8AE2KP5F9780808,Chevrolet,Sportvan G30,Mauv,1996,$43505.82
SCFAB01A97G099197,Suzuki,SX4,Khaki,2012,$28769.85
WBA3B1C52EK681744,Jeep,Grand Cherokee,Maroon,2011,$24923.01
3GYT4MEF4DG874594,Cadillac,Seville,Teal,1997,$40495.64
JTMHY7AJ6A5495675,Plymouth,Breeze,Khaki,2000,$32711.14
WA1UFBFL2DA111799,Mercedes-Benz,300TE,Maroon,1993,$28067.43
ML32A3HJ8FH761618,BMW,M3,Aquamarine,2003,$40346.43
WBAEP33453P885547,Mercedes-Benz,SLK-Class,Pink,1997,$44788.74
WA1LFAFP4CA735479,Mazda,MPV,Maroon,1989,$26787.38
JTHBE5C20A5790066,Mercury,Sable,Turquoise,1992,$38971.59
KMHFC4DF1BA182260,BMW,7 Series,Purple,2012,$35800.83
WAUHFAFL7EN970119,Nissan,350Z,Turquoise,2004,$28440.81
5TDDK3DC3ES570421,Ford,F450,Pink,2010,$49985.18
WA1YD64BX5N239095,Honda,CR-V,Violet,2002,$27263.40
1FTEW1CM8BK826334,GMC,Vandura 1500,Yellow,1993,$22180.34
JH4DC53832C376165,Acura,RSX,Crimson,2002,$38415.21
1N6AD0CW8EN895124,Infiniti,I,Purple,1996,$41513.87
2CTALBEW6A6595518,Mercedes-Benz,G-Class,Crimson,2011,$27835.95
1GTN1TEH9FZ268679,BMW,3 Series,Pink,2005,$27657.16
WAUDN94FX8N911888,Mitsubishi,Truck,Pink,1986,$26460.14
JTEBU4BF5EK264327,Ford,F-Series,Maroon,1989,$44501.48
1G6DM577X90462412,Nissan,Armada,Mauv,2006,$33731.91
3N1AB6AP0CL157812,Nissan,Titan,Orange,2007,$33056.26
WBANW13529C830487,Volkswagen,Passat,Puce,2000,$29507.07
1FTEW1CM0DF113603,Toyota,RAV4,Teal,2007,$24716.49
5GADS13S172273611,Chevrolet,Corvette,Pink,1987,$28820.69
2B3CL5CT9BH966063,Subaru,Impreza,Aquamarine,2006,$23825.10
1G6AR5SX7F0059639,Dodge,Ram Van B250,Crimson,1994,$49725.84
WAU4GAFB0AN115436,Dodge,Caliber,Blue,2012,$48310.17
WAUMFAFL0AN275523,Nissan,Maxima,Fuscia,2002,$24248.08
3TMJU4GN1DM271251,Pontiac,GTO,Aquamarine,2005,$21346.05
WBAKA4C55CD921693,Kia,Optima,Fuscia,2004,$48779.08
JH4KB2F68CC252896,Toyota,RAV4,Orange,2004,$46717.82
1G6DJ8EY4B0942943,Nissan,Sentra,Mauv,2009,$45960.76
1FTMF1EW9AK395723,GMC,Rally Wagon 2500,Green,1992,$40185.19
5GAKRDKD4DJ757278,Ford,Expedition,Teal,2002,$43611.18
1N6AF0KX0FN540437,BMW,7 Series,Goldenrod,2002,$38262.48
5N1AA0NE8EN530504,Audi,Cabriolet,Turquoise,1995,$24886.28
WBAGH03491D194170,Mercury,Tracer,Fuscia,1989,$37074.41
3C63DPJL9CG754671,Mercedes-Benz,M-Class,Aquamarine,2007,$43815.13
JTDZN3EU8FJ394839,Chevrolet,Silverado 1500,Teal,2009,$25205.38
5TFCW5F10DX341632,Nissan,Versa,Puce,2007,$28148.40
WAU4FAFRXBA452656,Mitsubishi,Truck,Violet,1991,$33436.44
4T1BD1EB1EU281783,Land Rover,LR3,Mauv,2007,$21660.86
5XYZG3AB5CG111212,Eagle,Premier,Turquoise,1992,$39925.39
JN1BJ0HR0EM404511,Jeep,Wrangler,Pink,2009,$46927.07
4F2CY0C75BK570033,Ford,Ranger,Puce,1990,$41137.84
4T1BF3EK7AU605545,Isuzu,Hombre,Green,1997,$48679.84
3VW517ATXFM976634,Hyundai,Azera,Yellow,2008,$34454.52
1FTEX1E8XAF155494,Isuzu,Ascender,Orange,2007,$46320.85
1GYEK63N64R792354,Scion,xB,Green,2010,$30147.85
WAUHE98P29A262195,Nissan,Frontier,Pink,2001,$22257.96
WUARL48H76K952462,Hyundai,Sonata,Blue,1996,$47224.07
JTHDU1EF3A5150003,Porsche,Carrera GT,Crimson,2004,$47587.31
JH4DC548X3C300510,Mitsubishi,Lancer,Fuscia,2008,$24453.01
KL4CJBSB6DB936830,Pontiac,Daewoo Kalos,Teal,2006,$43371.18
2T1BURHE0EC149426,Jeep,Wrangler,Orange,2010,$27984.27
WBAYP9C56FD708097,Plymouth,Acclaim,Yellow,1994,$23119.16
WAUWFAFR3CA564354,GMC,Sierra 1500,Puce,2003,$27913.30
WAUCVAFRXAA434803,Mitsubishi,Mirage,Green,1996,$26455.81
1N6AA0CA9CN627368,Honda,Prelude,Puce,2000,$27082.29
WAUD2AFD9EN743999,Jaguar,XJ Series,Aquamarine,2001,$35175.16
1GD021EG3FZ933350,BMW,7 Series,Blue,1996,$28708.61
19VDE3F70DE090362,Toyota,Avalon,Turquoise,1998,$28548.69
WA1CMAFE8AD963789,Audi,A4,Puce,2007,$42547.53
4USBU535X6L990951,Mercedes-Benz,R-Class,Maroon,2010,$42859.43
1FTEX1EW2AK491954,Dodge,D150 Club,Khaki,1993,$20342.39
NM0KS6AN0AT572294,Chevrolet,Avalanche,Maroon,2002,$40544.78
WAUBF98E38A315891,Ford,Tempo,Pink,1990,$24422.15
1FTEW1CM4EF754223,Jeep,Cherokee,Yellow,2000,$45183.91
1FTMF1EW8AK853753,Jaguar,XJ Series,Pink,1996,$30206.92
3D73M4EL8AG956518,Audi,Q7,Turquoise,2010,$26229.23
WBAPK5C53BA442584,Pontiac,G6,Puce,2007,$23032.67
1GYS4AEF2BR992201,Mitsubishi,Eclipse,Maroon,1991,$37197.82
3GYFNJE49AS529769,Ford,Mustang,Violet,1984,$30426.37
JTHBE1BLXD5568500,Isuzu,Rodeo,Turquoise,1993,$31605.27
WAUCF78K29N547035,Lexus,LS,Orange,2001,$36183.75
TRUUT28N121751602,Volkswagen,Corrado,Turquoise,1991,$24515.19
1FTEW1C84FF443346,Kia,Sephia,Turquoise,1996,$40181.26
WAUMFAFL8BN693524,GMC,Sonoma Club Coupe,Goldenrod,1996,$40039.94
WBAGH83421D467657,GMC,Vandura 3500,Violet,1993,$23282.25
WAUEH98E97A794646,Buick,LeSabre,Teal,1994,$27258.48
WVWBB7AJ0DW157145,Bentley,Continental Flying Spur,Teal,2007,$33095.27
4USBU53517L306399,Nissan,Sentra,Green,2003,$40002.32
2HNYD28527H739096,Ford,Freestar,Aquamarine,2007,$40459.05
WAUNF78P68A384240,Volvo,S60,Blue,2011,$41172.53
WAULT68E22A791441,MINI,Cooper Clubman,Red,2008,$37873.13
1D4PT6GX3BW724487,Chevrolet,Tracker,Goldenrod,2004,$35594.67
WBA3K5C51EF348130,Mercury,Tracer,Maroon,1998,$28322.48
4USBU335X8L930756,Volvo,S80,Orange,2009,$47116.15
1G6DC67A880402051,Infiniti,M,Goldenrod,2007,$40086.22
WA1LMAFE9CD077774,Ford,E-350 Super Duty,Purple,2006,$47378.09
1G6DP577870158421,Toyota,Camry,Blue,1992,$44065.01
WAUFGAFC1DN028618,Pontiac,Firefly,Orange,1995,$40155.01
JTEBU4BF7EK378569,Mercedes-Benz,600SL,Blue,1993,$41074.20
5N1AN0NU2BC632951,Chevrolet,Tahoe,Fuscia,2000,$25874.79
3GYFK66N05G350218,Ford,Escape,Goldenrod,2003,$22027.33
WBA4A5C55FG267229,Lamborghini,Murciélago,Orange,2004,$34623.31
1ZVBP8AN6A5917491,Cadillac,XLR,Yellow,2008,$34419.60
5NPDH4AEXFH406150,Hyundai,Genesis Coupe,Purple,2013,$42230.37
1FTKR1AD8BP794291,Nissan,Altima,Aquamarine,1997,$22070.02
WBAKF5C59CE308204,Pontiac,Bonneville,Aquamarine,1987,$33963.95
3GYVKNEFXAG654859,Chrysler,LeBaron,Purple,1995,$34017.85
WBA3A5C56EJ218666,Nissan,Altima,Yellow,1994,$23315.87
WAUHFAFL5CN135455,Dodge,Stratus,Blue,2002,$39068.61
1FTSX2B51AE813485,Hyundai,Santa Fe,Puce,2012,$27645.34
JTDJTUD39DD489875,Porsche,911,Khaki,1997,$20878.66
WBADS43431G870736,GMC,Sonoma,Yellow,1999,$44846.65
SCFFDABE7CG176599,Toyota,Tercel,Mauv,1996,$34051.51
2C3CCAJTXCH831674,GMC,Savana 1500,Turquoise,2005,$29609.77
KNADH5A37A6804825,Mazda,CX-7,Green,2011,$25266.33
SCBGC3ZAXEC323466,GMC,Canyon,Blue,2004,$27702.56
WUARL48H19K789960,Chevrolet,2500,Mauv,1992,$49993.56
1FTEW1CM3CF529076,Audi,80/90,Red,1988,$44494.25
WBAVM5C54FV302169,Ford,EXP,Violet,1986,$40035.74
1FTSX2B56AE105362,Rolls-Royce,Phantom,Fuscia,2010,$32702.78
3C6LD4AT2CG334877,MINI,Cooper Clubman,Violet,2008,$31594.08
2C4RDGCG5FR295432,Honda,S2000,Violet,2004,$24932.80
1GTG5AEA4F1556807,Mitsubishi,Cordia,Teal,1985,$47680.76
5FNYF3H22EB890440,Chevrolet,Impala,Puce,2003,$29768.65
WBA3V9C54F5885547,Mercedes-Benz,W201,Indigo,1992,$44932.46
JN8AZ2KR1CT697462,Subaru,Legacy,Orange,1998,$27733.85
1FTEW1CM2EF646103,GMC,Sierra 1500,Aquamarine,2013,$21367.27
2G61W5S84F9731809,Maybach,62,Turquoise,2004,$21998.80
WUADUAFG7BN864357,Nissan,Rogue,Pink,2012,$32575.71
3D7TP2CT7BG900750,Acura,TL,Purple,2010,$24318.26
WAUUL98EX8A502238,Lexus,SC,Aquamarine,2009,$32710.88
WAUEFBFL1DN422124,Toyota,Land Cruiser,Green,2009,$29429.73
3N1BC1AP9BL121653,Infiniti,G25,Yellow,2012,$28724.59
5N1AT2ML6FC796820,Saab,900,Pink,1992,$26711.67
3VWKX8AJ2BM256034,Lotus,Esprit,Mauv,1985,$42520.27
SAJWA0FA3AH673232,Ford,F-Series Super Duty,Green,2009,$29244.45
1G6DV8EP7D0114979,Hyundai,Azera,Green,2011,$33681.95
2C3CCAPG9DH784911,Ford,Expedition EL,Mauv,2007,$41845.07
WBSBL93473J279229,Buick,Riviera,Crimson,1998,$21861.04
3D7JV1EP6BG665507,Chevrolet,Tahoe,Goldenrod,1997,$48840.73
3C4PDCAB7FT134813,Pontiac,Bonneville,Violet,2004,$22952.99
WAU4FAFL3BA827458,Volkswagen,Routan,Goldenrod,2010,$32508.98
WAUFEAFMXBA835254,Subaru,B9 Tribeca,Pink,2006,$32500.60
WVWAA7AH5AV550930,Ford,Econoline E350,Violet,1997,$39121.02
3C4PDCBB1ET032758,Eagle,Vision,Indigo,1997,$38488.14
1FTSW2B52AE968100,Buick,Regal,Maroon,1989,$48231.92
1N4AL2AP4AC012211,Chrysler,Town & Country,Turquoise,2012,$20905.07
WA1WGAFP8EA436249,Shelby,GT500,Violet,1968,$34368.87
KMHDB8AE3BU996731,Hummer,H1,Khaki,1998,$40197.01
1FTEW1CF1FK487830,Pontiac,Bonneville,Khaki,1999,$44620.84
2LMHJ5AT1CB252719,Nissan,Quest,Blue,1993,$49514.00
YV1612FH0D2667946,Volkswagen,Type 2,Crimson,1987,$40427.70
1GKS1AE05DR400226,Dodge,Ram 3500,Green,2004,$39355.21
1YVHZ8BH4B5295954,Toyota,Avalon,Orange,2008,$25990.14
WBAEH73475C395514,Hyundai,Sonata,Green,2000,$49965.48
1N6AF0LY2FN227946,Plymouth,Colt,Yellow,1993,$27385.54
WAUAH78E97A907093,Cadillac,Escalade ESV,Pink,2006,$34584.72
1FTFW1E84AF857799,Ford,Thunderbird,Blue,2003,$20906.61
2G4GL5EX8E9370792,Nissan,NX,Indigo,1993,$43904.95
2T1BU4EE4BC157614,Volkswagen,Eurovan,Goldenrod,2002,$24361.04
3D7TP2HT0AG582932,Lexus,IS,Puce,2008,$22367.96
5N1BA0ND5FN486572,Ford,LTD Crown Victoria,Mauv,1986,$49635.68
1G6AH5RX5D0015497,Pontiac,G6,Goldenrod,2008,$26992.60
2B3CL3CG2BH045407,Mercury,Grand Marquis,Fuscia,1988,$25727.27
JTDKTUD3XED461296,Mercedes-Benz,CLS-Class,Crimson,2012,$45782.56
WAUBFBFL3AN550136,Nissan,350Z,Yellow,2006,$24370.85
WBAEV53463K813478,Kia,Sportage,Turquoise,2008,$25981.54
WAUXL68E45A110959,Buick,Riviera,Turquoise,1979,$29837.77
JTHBL5EF2E5238838,Audi,A6,Puce,2004,$26946.44
SCFEBBCFXBG966654,Chevrolet,Suburban 2500,Yellow,1997,$48385.84
3VW467AT7DM935999,Volkswagen,Jetta III,Teal,1994,$29354.95
1N4AB7AP6EN959437,Lincoln,MKT,Violet,2013,$43011.67
1N4AL3AP3EC488431,Audi,A8,Red,2006,$34018.65
WA1LGAFE7ED882957,Hyundai,Excel,Indigo,1993,$42944.51
WBAEJ13401A412130,Infiniti,G,Violet,2001,$44366.79
WBABD534X6P961159,Plymouth,Neon,Purple,1999,$26656.92
WBAWC33567P374508,Cadillac,Allante,Teal,1992,$44431.91
1N6AD0CU5AC844913,Toyota,Celica,Turquoise,2003,$25930.34
KNDMG4C32A6756289,Aston Martin,V12 Vantage,Mauv,2011,$47070.74
3N1CE2CP9FL386855,Oldsmobile,Alero,Pink,2004,$24672.53
19UUA65575A111198,Toyota,Tundra,Crimson,2007,$31760.62
2FMDK3AKXDB033663,Acura,NSX,Blue,2000,$30677.08
WAUKH74F98N033213,Honda,S2000,Green,2001,$38852.34
1N4AA5AP9DC427259,Pontiac,Bonneville,Mauv,1987,$45350.04
WAUJFAFH6CN780239,Mercedes-Benz,SLS-Class,Fuscia,2011,$21143.22
1GD020CG5DZ676086,BMW,X5,Khaki,2009,$23275.43
5NPDH4AE9CH350116,Volvo,V70,Mauv,2005,$29485.72
WBAYE0C55DD954573,Chevrolet,Cobalt SS,Purple,2007,$45836.42
WAUKFAFL2CA832935,Mercedes-Benz,SLK55 AMG,Maroon,2009,$21366.69
1GD11ZCG4BF211132,Acura,RL,Red,2001,$25221.47
1G6KD54Y53U045140,Mercedes-Benz,SLR McLaren,Teal,2009,$30919.95
YV1982BW1A1422815,GMC,Savana 3500,Crimson,1997,$36812.45
5XYZG3AB3BG639118,Infiniti,G35,Mauv,2003,$28443.90
2G61P5S39F9488113,Acura,CL,Red,2001,$39142.23
SCBDU3ZA3CC234657,Chevrolet,Express 1500,Indigo,2004,$48707.36
SCFFDCCD6CG519890,Honda,Accord Crosstour,Pink,2010,$39401.63
3D73M4CL6BG104155,Chevrolet,Volt,Red,2012,$49634.31
WAUGL98E06A994398,Ford,Probe,Puce,1992,$29969.54
1G6AB5R39F0071976,Audi,4000CS Quattro,Blue,1986,$21878.70
1FTSX2A54AE970378,Aston Martin,V8 Vantage,Red,2009,$49330.39
1G6KD57Y67U791405,Mazda,MX-3,Red,1993,$33871.22
JHMZE2H38BS378298,GMC,Suburban 2500,Blue,1993,$23415.66
4JGBF2FE2AA046264,Chevrolet,Corvette,Green,1997,$41262.27
3N1AB6AP5AL921053,Chevrolet,Silverado 1500,Indigo,2000,$27322.15
3G5DA03LX7S768678,Volvo,V50,Puce,2011,$21293.45
JN1BY1PR4FM570714,BMW,7 Series,Violet,1998,$22700.58
1FTEX1C82AK602149,Bentley,Azure T,Fuscia,2010,$35136.59
JN8AZ2KR5CT511034,Mazda,MX-6,Fuscia,1988,$33732.29
ZHWGU6BZXCL934355,Lamborghini,Gallardo,Blue,2010,$44893.52
KNADH4A35A6583980,Ford,Econoline E350,Maroon,1999,$44640.96
4T1BF1FK1CU364894,Pontiac,Trans Sport,Violet,1997,$22587.60
WAUVF78K89A778893,Oldsmobile,Cutlass Supreme,Pink,1992,$35942.33
137ZA90381E361258,Mazda,Mazda5,Blue,2008,$22971.28
WBAPT73519C383980,Chrysler,300M,Turquoise,2001,$42621.23
5TDBY5G17ES668251,Volkswagen,Corrado,Red,1990,$44390.79
YV1940ASXD1050488,Dodge,Ram 2500,Aquamarine,2003,$24256.18
1G4HR54K65U003725,Mercury,Villager,Green,2000,$23615.40
JTJHY7AX9A4549963,BMW,3 Series,Indigo,2008,$39662.64
WDDHF0EB7FB888907,Ford,Econoline E250,Puce,1994,$30261.98
3VWKZ7AJ0BM781050,Hyundai,Sonata,Maroon,2012,$35715.61
1N6AD0CU7BC000440,Mazda,B-Series,Aquamarine,1996,$25568.92
3C3CFFBR6DT773272,Geo,Metro,Maroon,1993,$44674.76
